Sale_ID,Store_Code,Branch,Province,Region,Product_Name,Category,Sale_Date,Quantity,Unit_Price,Discount_Percent
SALE-00264,KKN-01,Khon Kaen Center,Khon Kaen,Northeast,Cookie Box,Bakery,2026-03-15,4,150.00,10
SALE-00077,PKT-01,Phuket Town, Phuket ,,TRAVEL MUG,Merchandise,14-May-2026,4,320.00,5
SALE-00221,CBI-01,Bangsaen,Chonburi,East,Tote Bag,Merchandise,06-May-2026,6,180.00,15
SALE-00150,PKT-01,Phuket Town,Phuket,South,caesar salad,Food,26-Mar-2026,2,110.00,0
SALE-00084,PKT-01,Phuket Town,PHUKET,South,Mineral Water,Beverage,01-May-2026,6,25.00,10
SALE-00220,BKK-02,Siam Square,Bangkok,Central,Chocolate Cake,Bakery,04-May-2026,6,114.00,10
SALE-00124,CMI-01,nimman,Chiang Mai,North,Travel Mug,Merchandise,13-Mar-2026,2,320.00,0
SALE-00032,PKT-01,Phuket Town,Phuket,South,cookie box, Bakery ,29-Apr-2026,8,157.50,0
SALE-00271,BKK-02,Siam Square,Bangkok,Central,Thai Milk Tea,Beverage,2026-06-28,1,70.00,0
SALE-00047,KKN-01,Khon Kaen Center,Khon Kaen,Northeast,Tote Bag,Merchandise,17/05/2026,4,189.00,0
SALE-00223,BKK-01,Central Rama 9,Bangkok,Central,Chicken Sandwich,Food,29/04/2026,3,95.00,0
SALE-00023,CMI-01,Nimman,Chiang Mai,North,Thai Milk Tea,Beverage,20/06/2026,6,73.50,0
SALE-00204,BKK-02,Siam Square,Bangkok,Central,Caesar Salad, Food ,14-Apr-2026,5,110.00,0
SALE-00201,BKK-01,Central Rama 9,Bangkok,Central,Butter Croissant,Bakery,24/05/2026,1,65.00,15
SALE-00134,BKK-01,CENTRAL RAMA 9,Bangkok,Central,Premium Coffee,Beverage,14/03/2026,1,85.00,10
SALE-00165,BKK-01,Central Rama 9,Bangkok,Central,Thai Milk Tea,Beverage,11-Apr-2026,3,66.50,0
SALE-00251,RYG-01,Rayong City,Rayong,East,Chocolate Cake,Bakery,08/06/2026,3,114.00,10
SALE-00243,RYG-01,Rayong City,RAYONG,East,Caesar Salad,Food,2026-05-14,1,110.00,5
SALE-00009,CBI-01,Bangsaen, Chonburi ,East,Chicken Sandwich,Food,18/05/2026,2,95.00,5
SALE-00254,CBI-02, Pattaya ,Chonburi,East,Chicken Sandwich,Food,10-Apr-2026,6,95.00,0
SALE-00215,KKN-01,Khon Kaen Center,Khon Kaen,Northeast,Mineral Water,Beverage,2026-04-15,1,25.00,15
SALE-00195,PKT-01,Phuket Town,PHUKET,South,Premium Coffee,Beverage,18/06/2026,2,85.00,15
SALE-00277,KKN-01,Khon Kaen Center,Khon Kaen,Northeast,Chocolate Cake,Bakery,2026-03-21,3,120.00,0
SALE-00317,PKT-01,phuket town,Phuket,South,mineral water,BEVERAGE,2026-04-22,3,26.25,5
SALE-00038,KKN-01,Khon Kaen Center,Khon Kaen, Northeast ,Travel Mug,Merchandise,2026-04-09,6,320.00,5
SALE-00308,BKK-01,Central Rama 9, Bangkok ,Central,Travel Mug,MERCHANDISE,09/06/2026,4,320.00,0
SALE-00026,CBI-01,BANGSAEN,Chonburi,East,Mineral Water, Beverage ,08/05/2026,2,26.25,10
SALE-00240,RYG-01,Rayong City,Rayong,East,Mineral Water,Beverage,14/05/2026,5,25.00,0
SALE-00202,CMI-01,NIMMAN,Chiang Mai,North,Cookie Box,Bakery,2026-04-09,8,142.50,10
SALE-00235,PKT-01,Phuket Town, Phuket ,South,COOKIE BOX,Bakery,10/03/2026,3,150.00,0
SALE-00071,BKK-02,Siam Square,Bangkok, Central ,Thai Milk Tea,BEVERAGE,25/06/2026,6,73.50,0
SALE-00100,CBI-01,Bangsaen,Chonburi,East,Travel Mug,Merchandise,07/04/2026,3,336.00,0
SALE-00211,BKK-02,Siam Square,BANGKOK,Central,Mineral Water,Beverage,2026-04-29,5,26.25,10
SALE-00301,CBI-01,Bangsaen,Chonburi,East,Butter Croissant,Bakery,16/05/2026,6,61.75,0
SALE-00262,CBI-01,BANGSAEN,Chonburi,East, Chicken Sandwich , Food ,09-Jun-2026,6,95.00,5
SALE-00116,RYG-01,Rayong City,Rayong,East,Travel Mug,Merchandise,11-Mar-2026,5,304.00,0
SALE-00313,PKT-01,Phuket Town,Phuket,South,Caesar Salad,Food,20/03/2026,7,115.50,15
SALE-00291,RYG-01,RAYONG CITY,Rayong, East , Butter Croissant ,Bakery,13/03/2026,4,65.00,10
SALE-00056,RYG-01, Rayong City ,Rayong,East,Caesar Salad,Food,2026-03-31,1,110.00,0
SALE-00193,CBI-01,Bangsaen,Chonburi,East,cookie box, Bakery ,25-Mar-2026,4,157.50,15
SALE-00238,PKT-01,Phuket Town,Phuket,South,Premium Coffee,BEVERAGE,21/06/2026,1,89.25,0
SALE-00219,CBI-01,bangsaen,CHONBURI,East,Chocolate Cake,Bakery,14-Apr-2026,2,114.00,15
SALE-00230,CBI-01,Bangsaen,Chonburi,, Premium Coffee , Beverage ,2026-06-25,2,80.75,0
SALE-00183,PKT-01,Phuket Town,Phuket, South ,Tote Bag,MERCHANDISE,2026-06-19,1,180.00,10
SALE-00030,CMI-01,NIMMAN,Chiang Mai,North,Cookie Box,Bakery,08/04/2026,3,150.00,5
SALE-00004,KKN-01,Khon Kaen Center,Khon Kaen,Northeast, Butter Croissant ,Bakery,17/06/2026,4,61.75,5
SALE-00123,CMI-01,Nimman,Chiang Mai,North,Chicken Sandwich,Food,2026-05-01,6,95.00,10
SALE-00216,CMI-01,nimman,Chiang Mai,North, Butter Croissant ,Bakery,29-Jun-2026,4,61.75,5
SALE-00149,PKT-01,phuket town, Phuket ,South,Caesar Salad,Food,2026-03-14,8,110.00,5
SALE-00257,CBI-02,Pattaya,Chonburi,East,tote bag,Merchandise,11/03/2026,2,189.00,10
SALE-00017,BKK-02,Siam Square,Bangkok,Central,Butter Croissant,Bakery,07/04/2026,1,61.75,15
SALE-00304,CBI-01, Bangsaen , Chonburi ,East,Tote Bag, Merchandise ,06-Apr-2026,2,180.00,10
SALE-00103,CMI-01,Nimman,Chiang Mai,North,Caesar Salad,Food,22/03/2026,6,115.50,0
SALE-00075,BKK-01,Central Rama 9,BANGKOK,Central,Chicken Sandwich,FOOD,2026-03-01,7,95.00,0
SALE-00191,KKN-01,khon kaen center,Khon Kaen,NORTHEAST,Thai Milk Tea,Beverage,09/04/2026,7,70.00,0
SALE-00158,PKT-01,Phuket Town,Phuket,South,Caesar Salad,Food,21/06/2026,8,115.50,10
SALE-00246,RYG-01,Rayong City, Rayong ,East,Butter Croissant,Bakery,2026-04-28,2,68.25,0
SALE-00027,CMI-01,nimman,CHIANG MAI,North,Mineral Water,Beverage,15/04/2026,5,26.25,15
SALE-00316,CBI-01,Bangsaen,Chonburi,East,Thai Milk Tea,Beverage,2026-03-23,1,70.00,0
SALE-00082,BKK-01,Central Rama 9,Bangkok,Central,Cookie Box,Bakery,2026-06-19,1,142.50,5
SALE-00128,RYG-01, Rayong City ,Rayong,East,Premium Coffee, Beverage ,11/06/2026,2,85.00,0
SALE-00028,BKK-02,Siam Square,Bangkok,Central,Cookie Box,Bakery,11-May-2026,8,150.00,15
SALE-00144,CBI-02,Pattaya,CHONBURI,East,Travel Mug,Merchandise,31-May-2026,3,336.00,
SALE-00156,RYG-01,Rayong City,Rayong,East,cookie box, Bakery ,2026-03-25,6,150.00,10
SALE-00249,CBI-01,Bangsaen,Chonburi,East,Mineral Water,Beverage,2026-05-19,2,25.00,0
SALE-00213,BKK-02,Siam Square,Bangkok,Central,butter croissant, Bakery ,13/04/2026,4,65.00,5
SALE-00198,CBI-02, Pattaya ,Chonburi,East,Butter Croissant,Bakery,28-Mar-2026,2,61.75,5
SALE-00172,RYG-01,Rayong City,Rayong,East,Tote Bag,Merchandise,06-Jun-2026,1,189.00,0
SALE-00088,RYG-01,Rayong City,RAYONG,East,Travel Mug,Merchandise,01-Apr-2026,4,336.00,0
SALE-00170,RYG-01,Rayong City,Rayong,East,Cookie Box,Bakery,2026-06-22,1,157.50,0
SALE-00036,CMI-01,Nimman,Chiang Mai,North,Chicken Sandwich,Food,19/05/2026,7,95.00,10
SALE-00315,RYG-01,Rayong City,Rayong,East,Chicken Sandwich,Food,04/04/2026,4,95.00,10
SALE-00003,CMI-01,Nimman,Chiang Mai,North,TOTE BAG,Merchandise,22-Mar-2026,5,180.00,0
SALE-00020,CBI-02,Pattaya,Chonburi,East, Travel Mug ,MERCHANDISE,02-Jun-2026,2,336.00,5
SALE-00312,CMI-01,NIMMAN,Chiang Mai, North ,Thai Milk Tea,Beverage,20-May-2026,7,70.00,15
SALE-00111,CBI-02,Pattaya, Chonburi ,East,Chicken Sandwich,Food,17-Jun-2026,2,90.25,0
SALE-00232,BKK-01,Central Rama 9,Bangkok,Central,Travel Mug,Merchandise,20/06/2026,4,336.00,0
SALE-00152,CBI-01,Bangsaen,Chonburi,East,Butter Croissant,Bakery,03/06/2026,3,68.25,15
SALE-00214,PKT-01,Phuket Town,Phuket,South,Caesar Salad, Food ,2026-04-28,6,104.50,0
SALE-00287,CMI-01,nimman, Chiang Mai ,North,Premium Coffee,Beverage,23/05/2026,3,89.25,15
SALE-00247,BKK-02,Siam Square,Bangkok,Central,Chocolate Cake,Bakery,2026-04-30,4,126.00,0
SALE-00060,CBI-01,Bangsaen,Chonburi,East,Travel Mug,Merchandise,2026-04-25,3,304.00,0
SALE-00096,BKK-02,Siam Square,Bangkok,Central,Caesar Salad,Food,11-Apr-2026,1,110.00,0
SALE-00008,BKK-02,Siam Square,Bangkok,Central,Travel Mug,Merchandise,2026-06-12,8,320.00,15
SALE-00120,KKN-01,Khon Kaen Center,Khon Kaen,Northeast,Thai Milk Tea,Beverage,26/03/2026,3,73.50,0
SALE-00034,RYG-01,Rayong City,Rayong,East, Mineral Water ,BEVERAGE,16/03/2026,8,23.75,15
SALE-00267,RYG-01,Rayong City,Rayong,East,Cookie Box,Bakery,02/05/2026,1,150.00,5
SALE-00131,CBI-02,Pattaya,Chonburi,East,TRAVEL MUG,Merchandise,03-May-2026,4,336.00,0
SALE-00142,PKT-01,Phuket Town,Phuket,South,Mineral Water,Beverage,2026-06-24,5,23.75,10
SALE-00106,CBI-01,Bangsaen,Chonburi,East,Travel Mug,Merchandise,2026-04-21,3,336.00,0
SALE-00136,RYG-01,Rayong City,Rayong,East,MINERAL WATER,Beverage,2026-04-03,6,25.00,0
SALE-00294,PKT-01,Phuket Town,Phuket,South,Chicken Sandwich,Food,15/05/2026,6,95.00,15
SALE-00258,CBI-02, Pattaya ,Chonburi,East,chicken sandwich,Food,06-Apr-2026,1,99.75,0
SALE-00029,PKT-01,PHUKET TOWN,Phuket,South, Caesar Salad ,Food,15-Jun-2026,1,110.00,5
SALE-00005,PKT-01, Phuket Town ,Phuket,South,Chocolate Cake,Bakery,09-Mar-2026,7,120.00,0
SALE-00117,CBI-02,PATTAYA,Chonburi,East,Butter Croissant,Bakery,06/05/2026,6,68.25,0
SALE-00033,CBI-01,BANGSAEN,Chonburi,EAST,CHICKEN SANDWICH,Food,13-May-2026,1,95.00,15
SALE-00242,CMI-01,Nimman,Chiang Mai,North,Thai Milk Tea,Beverage,11/06/2026,4,70.00,0
SALE-00083,BKK-02,Siam Square,Bangkok,Central,Chicken Sandwich,Food,25/04/2026,7,95.00,15
SALE-00166,CBI-01,Bangsaen,Chonburi, East ,Tote Bag,Merchandise,2026-05-10,4,171.00,5
SALE-00105,BKK-02,Siam Square,Bangkok,Central,Thai Milk Tea,Beverage,2026-05-14,3,73.50,15
SALE-00177,CBI-01,Bangsaen,Chonburi,East,Mineral Water,Beverage,18/04/2026,1,23.75,10
SALE-00061,RYG-01, Rayong City , Rayong ,East, Thai Milk Tea , Beverage ,2026-06-23,1,73.50,0
SALE-00253,CBI-02,Pattaya, Chonburi ,East, Premium Coffee ,Beverage,2026-04-05,7,80.75,10
SALE-00174,CBI-01, Bangsaen ,Chonburi,East,Chicken Sandwich,Food,21/05/2026,1,90.25,15
SALE-00143,KKN-01,Khon Kaen Center, Khon Kaen ,Northeast, Thai Milk Tea , Beverage ,2026-03-18,7,70.00,0
SALE-00066,CBI-01, Bangsaen ,Chonburi,East,Chicken Sandwich,Food,01-Jun-2026,4,90.25,10
SALE-00288,KKN-01,Khon Kaen Center,Khon Kaen,Northeast,Chocolate Cake,Bakery,22/05/2026,5,114.00,5
SALE-00009,CBI-01,Bangsaen, Chonburi ,East,Chicken Sandwich,Food,18/05/2026,2,95.00,5
SALE-00035,PKT-01,Phuket Town,Phuket,South,Chicken Sandwich,Food,09/04/2026,8,99.75,5
SALE-00055,BKK-01,Central Rama 9,Bangkok,Central,Tote Bag,Merchandise,2026-06-17,8,189.00,0
SALE-00138,BKK-02,Siam Square,Bangkok,Central,Chocolate Cake,Bakery,29-Mar-2026,2,114.00,10
SALE-00104,RYG-01,rayong city,Rayong,East,Chocolate Cake,BAKERY,2026-03-23,4,120.00,5
SALE-00194,PKT-01,Phuket Town,Phuket, South ,Travel Mug,Merchandise,24-Apr-2026,3,336.00,0
SALE-00203,BKK-01,Central Rama 9,Bangkok,CENTRAL,Caesar Salad,Food,05/03/2026,7,104.50,5
SALE-00015,PKT-01,PHUKET TOWN,Phuket,South,Chicken Sandwich,Food,18/06/2026,4,90.25,0
SALE-00244,KKN-01,Khon Kaen Center,KHON KAEN,Northeast,Premium Coffee,Beverage,2026-05-15,2,85.00,15
SALE-00314,BKK-01, Central Rama 9 ,Bangkok,Central,THAI MILK TEA,Beverage,17/03/2026,8,73.50,0
SALE-00187,PKT-01,Phuket Town, Phuket ,South,butter croissant,Bakery,2026-03-03,6,68.25,15
SALE-00318,BKK-02,Siam Square,Bangkok,Central,Caesar Salad,Food,2026-05-25,7,110.00,0
SALE-00024,CBI-01,Bangsaen,Chonburi,East,Travel Mug, Merchandise ,10-Apr-2026,5,320.00,15
SALE-00207,BKK-02,SIAM SQUARE,Bangkok,Central,Mineral Water,Beverage,19/03/2026,8,26.25,15
SALE-00014,CMI-01,nimman,Chiang Mai,North,Chicken Sandwich,Food,08/05/2026,3,95.00,0
SALE-00146,CMI-01,Nimman,Chiang Mai,North,Tote Bag,Merchandise,2026-06-15,2,171.00,0
SALE-00081,CBI-02,Pattaya,Chonburi,East,Thai Milk Tea, Beverage ,29-Mar-2026,2,73.50,0
SALE-00126,CBI-02,Pattaya,Chonburi,East,BUTTER CROISSANT,Bakery,28/06/2026,4,68.25,0
SALE-00229,BKK-01,Central Rama 9,Bangkok,Central, Mineral Water ,Beverage,2026-06-30,2,25.00,0
SALE-00057,CBI-02,PATTAYA,Chonburi,East,Chicken Sandwich, Food ,2026-05-23,4,99.75,0
SALE-00086,RYG-01,Rayong City,Rayong,East,Thai Milk Tea,Beverage,06-May-2026,6,70.00,0
SALE-00095,BKK-02,Siam Square,Bangkok, Central ,Butter Croissant,Bakery,17/04/2026,3,65.00,5
SALE-00293,KKN-01,KHON KAEN CENTER,Khon Kaen,Northeast,Mineral Water,Beverage,2026-04-09,1,25.00,10
SALE-00173,BKK-01,Central Rama 9,Bangkok,Central,Tote Bag,Merchandise,2026-06-16,8,189.00,0
SALE-00260,CBI-02, Pattaya ,Chonburi,East,Caesar Salad,Food,2026-05-06,8,110.00,0
SALE-00097,CMI-01,Nimman,Chiang Mai,North,caesar salad, Food ,21/06/2026,6,110.00,0
SALE-00114,CMI-01,Nimman,Chiang Mai,North,Chocolate Cake,Bakery,18-May-2026,4,114.00,5
SALE-00109,KKN-01,Khon Kaen Center,KHON KAEN, Northeast ,COOKIE BOX,Bakery,2026-05-27,2,150.00,0
SALE-00127,CBI-01,Bangsaen,Chonburi,East,Caesar Salad,Food,2026-06-11,2,110.00,5
SALE-00185,RYG-01,Rayong City,Rayong,East,Chicken Sandwich,FOOD,16/05/2026,3,90.25,0
SALE-00112,BKK-01,Central Rama 9,Bangkok,Central,Chocolate Cake,Bakery,07-May-2026,6,126.00,15
SALE-00064,CMI-01,Nimman,Chiang Mai,NORTH,Chocolate Cake,Bakery,15-Apr-2026,3,120.00,0
SALE-00153,BKK-01,Central Rama 9,Bangkok,Central,Cookie Box, Bakery ,09/04/2026,3,157.50,5
SALE-00011,BKK-01,Central Rama 9,Bangkok,Central,Caesar Salad,Food,14-Jun-2026,8,115.50,15
SALE-00282,CBI-02, Pattaya ,Chonburi,East,Thai Milk Tea,Beverage,19/04/2026,2,70.00,0
SALE-00072,BKK-01,Central Rama 9,Bangkok,Central, Mineral Water ,Beverage,2026-05-21,6,23.75,0
SALE-00160,KKN-01,Khon Kaen Center, Khon Kaen , Northeast ,Mineral Water,Beverage,2026-04-03,3,25.00,10
SALE-00078,CBI-01,Bangsaen,Chonburi,East,Premium Coffee,Beverage,01/05/2026,4,89.25,5
SALE-00050,BKK-01,Central Rama 9,Bangkok,Central, Mineral Water ,Beverage,01/03/2026,6,25.00,0
SALE-00087,CBI-01, Bangsaen ,Chonburi,East,thai milk tea,Beverage,15/03/2026,5,73.50,0
SALE-00299,BKK-01,Central Rama 9,Bangkok,Central,Mineral Water,Beverage,19-May-2026,4,25.00,5
SALE-00228,PKT-01,Phuket Town,Phuket, South ,Chocolate Cake,Bakery,15/06/2026,8,114.00,0
SALE-00069,KKN-01,Khon Kaen Center,Khon Kaen,Northeast,caesar salad,Food,2026-03-11,5,110.00,0
SALE-00281,CBI-02,Pattaya,CHONBURI,East,Cookie Box,Bakery,2026-05-02,2,157.50,0
SALE-00275,CMI-01,Nimman,Chiang Mai,North,Cookie Box,Bakery,2026-05-21,7,157.50,10
SALE-00237,CBI-01,Bangsaen,Chonburi,East,chocolate cake, Bakery ,22/04/2026,4,126.00,0
SALE-00130,PKT-01,Phuket Town,Phuket,South, Chicken Sandwich ,Food,2026-03-15,3,95.00,15
SALE-00118,KKN-01,Khon Kaen Center,Khon Kaen,Northeast,Caesar Salad,Food,27-Jun-2026,3,104.50,0
SALE-00108,CBI-01,Bangsaen,Chonburi,East,Chicken Sandwich, Food ,11-Apr-2026,8,99.75,15
SALE-00162,RYG-01,Rayong City,Rayong,East,Chicken Sandwich,Food,28/06/2026,7,95.00,0
SALE-00286,BKK-02,Siam Square,Bangkok, Central ,COOKIE BOX, Bakery ,10/03/2026,6,142.50,5
SALE-00037,RYG-01,Rayong City,Rayong,East, Chocolate Cake ,BAKERY,15/04/2026,6,126.00,0
SALE-00013,RYG-01, Rayong City ,Rayong,East,Caesar Salad,Food,24-Apr-2026,7,104.50,0
SALE-00076,RYG-01,Rayong City,Rayong,East,Tote Bag,Merchandise,2026-04-12,6,171.00,5
SALE-00296,KKN-01,Khon Kaen Center,Khon Kaen,Northeast,chocolate cake, Bakery ,20/03/2026,8,114.00,0
SALE-00163,CBI-02, Pattaya ,Chonburi,East,Chicken Sandwich,Food,23/03/2026,2,95.00,5
SALE-00169,PKT-01,Phuket Town,Phuket,South,Travel Mug,Merchandise,29-Apr-2026,7,320.00,5
SALE-00175,CBI-02,pattaya,Chonburi,East,Caesar Salad, Food ,2026-04-14,1,110.00,10
SALE-00245,KKN-01,Khon Kaen Center,Khon Kaen,Northeast,Caesar Salad,Food,10/03/2026,5,110.00,0
SALE-00093,KKN-01,Khon Kaen Center,Khon Kaen,Northeast,Travel Mug,Merchandise,2026-04-01,1,320.00,0
SALE-00236,RYG-01,Rayong City,Rayong,East,Chicken Sandwich,Food,27-Mar-2026,2,90.25,0
SALE-00206,KKN-01,Khon Kaen Center,Khon Kaen,Northeast,Thai Milk Tea,Beverage,2026-05-20,3,70.00,5
SALE-00002,BKK-01,Central Rama 9, Bangkok ,Central,Caesar Salad,Food,21/05/2026,5,110.00,0
SALE-00148,PKT-01, Phuket Town ,Phuket,South,Cookie Box,Bakery,14-Jun-2026,7,157.50,5
SALE-00119,CBI-02,Pattaya,Chonburi,East,Chocolate Cake,Bakery,22/04/2026,5,120.00,0
SALE-00217,KKN-01,Khon Kaen Center,Khon Kaen,Northeast,Premium Coffee,Beverage,2026-03-09,1,89.25,15
SALE-00135,BKK-02,SIAM SQUARE,Bangkok,Central,Travel Mug,Merchandise,27/04/2026,8,320.00,0
SALE-00218,CBI-02,Pattaya,Chonburi, East ,Caesar Salad,Food,12/03/2026,4,115.50,15
SALE-00205,CMI-01,nimman,Chiang Mai,North,CHOCOLATE CAKE,Bakery,11-Apr-2026,6,120.00,0
SALE-00159,RYG-01,Rayong City,Rayong, East ,Thai Milk Tea, Beverage ,19-Apr-2026,7,70.00,5
SALE-00122,PKT-01,Phuket Town,Phuket,South,Thai Milk Tea,BEVERAGE,06-Apr-2026,2,73.50,0
SALE-00115,PKT-01,Phuket Town,Phuket,South,Thai Milk Tea,Beverage,17-Jun-2026,3,66.50,0
SALE-00284,BKK-01,Central Rama 9,Bangkok,Central,Chocolate Cake,Bakery,2026-05-19,5,114.00,0
SALE-00085,PKT-01,Phuket Town,Phuket,South,Travel Mug,Merchandise,28-Jun-2026,3,336.00,15
SALE-00255,CBI-02,Pattaya,Chonburi,East,Cookie Box,Bakery,15-Mar-2026,8,150.00,10
SALE-00062,CMI-01,Nimman, Chiang Mai ,North,Caesar Salad,FOOD,25/06/2026,5,115.50,0
SALE-00054,RYG-01,Rayong City,Rayong,East,Premium Coffee,BEVERAGE,04/04/2026,2,80.75,5
SALE-00303,BKK-01,central rama 9,Bangkok,Central,Mineral Water,Beverage,09/06/2026,8,25.00,5
SALE-00019,PKT-01,Phuket Town,Phuket,South,Chocolate Cake, Bakery ,09-May-2026,6,114.00,0
SALE-00298,BKK-02,Siam Square,Bangkok, Central ,Chicken Sandwich,Food,2026-03-28,3,99.75,0
SALE-00025,BKK-01,Central Rama 9,Bangkok,Central,Mineral Water,Beverage,2026-06-14,1,26.25,0
SALE-00189,CBI-02,Pattaya, Chonburi ,East,Caesar Salad,Food,02-Jun-2026,3,110.00,0
SALE-00094,CBI-02,Pattaya, Chonburi ,East, Butter Croissant ,Bakery,2026-05-20,2,65.00,10
SALE-00051,BKK-01,Central Rama 9,Bangkok,Central,Thai Milk Tea, Beverage ,16-Apr-2026,2,73.50,10
SALE-00042,CBI-01, Bangsaen ,Chonburi,East,Caesar Salad,FOOD,23/03/2026,7,104.50,15
SALE-00161,BKK-02,Siam Square, Bangkok ,Central, Chicken Sandwich ,Food,11-May-2026,2,99.75,0
SALE-00090,PKT-01,Phuket Town,Phuket,South,Chocolate Cake,Bakery,2026-04-22,1,120.00,10
SALE-00270,BKK-02,siam square,Bangkok,Central,Chicken Sandwich,FOOD,21-May-2026,8,90.25,5
SALE-00157,RYG-01,Rayong City,Rayong,East,Chicken Sandwich,Food,25/05/2026,6,90.25,10
SALE-00154,CMI-01,Nimman,Chiang Mai,NORTH,Chocolate Cake,BAKERY,06/04/2026,7,114.00,10
SALE-00250,CBI-02, Pattaya ,Chonburi,East,Tote Bag,Merchandise,10-Apr-2026,3,189.00,10
SALE-00176,CBI-01,Bangsaen,Chonburi,East,Premium Coffee,Beverage,31-May-2026,3,80.75,0
SALE-00259,CMI-01,Nimman,Chiang Mai,North,Premium Coffee,Beverage,28/05/2026,3,85.00,10
SALE-00158,PKT-01,Phuket Town,Phuket,South,Caesar Salad,Food,21/06/2026,8,115.50,10
SALE-00199,CBI-02,Pattaya,Chonburi,East,Caesar Salad,Food,2026-04-20,2,115.50,0
SALE-00171,CBI-02,Pattaya,Chonburi,East,Premium Coffee,Beverage,08/06/2026,1,89.25,15
SALE-00129,PKT-01,PHUKET TOWN,Phuket,South,Premium Coffee,Beverage,27-Mar-2026,7,85.00,0
SALE-00043,KKN-01,Khon Kaen Center,Khon Kaen,Northeast,Caesar Salad,Food,14-Apr-2026,7,115.50,10
SALE-00305,CMI-01,Nimman,Chiang Mai,North,COOKIE BOX,Bakery,11-Jun-2026,1,150.00,0
SALE-00222,CBI-02,Pattaya,Chonburi,East,Premium Coffee,Beverage,2026-05-15,8,89.25,0
SALE-00151,BKK-02,Siam Square,Bangkok,Central,Thai Milk Tea,Beverage,2026-03-15,5,70.00,0
SALE-00184,KKN-01, Khon Kaen Center ,Khon Kaen,Northeast, Mineral Water ,Beverage,2026-04-07,1,23.75,15
SALE-00289,PKT-01,Phuket Town,Phuket,South,Thai Milk Tea,BEVERAGE,2026-04-08,4,70.00,15
SALE-00320,KKN-01,khon kaen center,Khon Kaen,Northeast, Cookie Box ,Bakery,2026-06-09,3,142.50,0
SALE-00295,KKN-01,Khon Kaen Center,KHON KAEN,Northeast,Mineral Water,BEVERAGE,2026-04-04,5,26.25,0
SALE-00140,KKN-01, Khon Kaen Center ,Khon Kaen,Northeast,Butter Croissant,Bakery,06-Jun-2026,1,65.00,10
SALE-00231,KKN-01,Khon Kaen Center,Khon Kaen,Northeast,CHICKEN SANDWICH, Food ,29/03/2026,3,99.75,10
SALE-00164,CBI-01,Bangsaen,Chonburi,East,Premium Coffee,Beverage,05-Apr-2026,1,85.00,15
SALE-00068,CMI-01, Nimman ,Chiang Mai,North, Travel Mug ,Merchandise,2026-05-11,1,320.00,5
SALE-00233,BKK-01,Central Rama 9, Bangkok ,CENTRAL,Thai Milk Tea,BEVERAGE,28-Mar-2026,5,73.50,0
SALE-00285,KKN-01, Khon Kaen Center ,Khon Kaen,Northeast, Tote Bag ,Merchandise,2026-06-09,2,180.00,0
SALE-00065,BKK-01,Central Rama 9,Bangkok,Central,Caesar Salad,Food,2026-05-03,6,110.00,0
SALE-00010,CBI-01,Bangsaen,Chonburi,East,Thai Milk Tea,Beverage,06-Jun-2026,8,70.00,0
SALE-00180,BKK-02,Siam Square,Bangkok,Central,caesar salad,Food,2026-03-06,1,115.50,10
SALE-00016,CBI-02,Pattaya,Chonburi,East,BUTTER CROISSANT,Bakery,2026-03-05,8,65.00,15
SALE-00208,PKT-01,Phuket Town,Phuket,South,Mineral Water,Beverage,31/05/2026,2,25.00,15
SALE-00046,PKT-01,Phuket Town, Phuket ,South,Tote Bag,Merchandise,13-Apr-2026,7,189.00,10
SALE-00210,CBI-02,Pattaya,Chonburi,East,Butter Croissant,Bakery,14/05/2026,7,65.00,10
SALE-00155,CMI-01,NIMMAN,Chiang Mai,North,Thai Milk Tea, Beverage ,2026-05-31,2,73.50,0
SALE-00261,BKK-02,Siam Square,Bangkok,Central,Chicken Sandwich,Food,17/04/2026,5,95.00,0
SALE-00310,CMI-01,Nimman,Chiang Mai,North,Mineral Water,Beverage,26-Mar-2026,3,25.00,0
SALE-00022,CMI-01,Nimman,Chiang Mai, North ,butter croissant,Bakery,16-Apr-2026,8,65.00,10
SALE-00278,PKT-01,Phuket Town,Phuket,South,Chocolate Cake,Bakery,2026-05-18,5,120.00,15
SALE-00283,PKT-01,Phuket Town, Phuket ,South, Mineral Water ,Beverage,17-Mar-2026,4,25.00,10
SALE-00248,CMI-01,Nimman,Chiang Mai,North,Thai Milk Tea,Beverage,10-Mar-2026,8,70.00,10
SALE-00137,BKK-02,Siam Square, Bangkok ,Central,Thai Milk Tea,Beverage,06-May-2026,2,70.00,0
SALE-00031,BKK-01,Central Rama 9,Bangkok,Central,Cookie Box,Bakery,04/03/2026,1,157.50,5
SALE-00178,RYG-01,Rayong City,Rayong,East,Butter Croissant,Bakery,29-Jun-2026,6,68.25,0
SALE-00268,KKN-01,Khon Kaen Center,Khon Kaen, Northeast ,Thai Milk Tea,Beverage,01-Apr-2026,6,73.50,5
SALE-00252,CBI-02,Pattaya,Chonburi,East, Cookie Box ,Bakery,2026-06-09,5,150.00,0
SALE-00209,BKK-01,Central Rama 9,Bangkok,Central,Chicken Sandwich, Food ,2026-03-10,8,95.00,0
SALE-00139,BKK-01,Central Rama 9, Bangkok ,Central,Travel Mug,Merchandise,28-Mar-2026,6,336.00,0
SALE-00039,BKK-01,Central Rama 9,Bangkok,Central,Butter Croissant,Bakery,25/04/2026,1,65.00,0
SALE-00239,PKT-01,Phuket Town,Phuket,South,Premium Coffee,Beverage,13/04/2026,7,89.25,5
SALE-00197,CBI-02,Pattaya,Chonburi,East,Butter Croissant,Bakery,02-Jun-2026,2,65.00,5
SALE-00256,CBI-02,Pattaya,Chonburi,East,PREMIUM COFFEE,Beverage,20-Mar-2026,1,89.25,0
SALE-00292,PKT-01,Phuket Town,Phuket,South,Mineral Water,Beverage,30-Mar-2026,6,26.25,0
SALE-00073,PKT-01,Phuket Town,Phuket,South,caesar salad,Food,03-Mar-2026,1,110.00,0
SALE-00279,CBI-01,Bangsaen,CHONBURI,East,Caesar Salad,Food,26/04/2026,7,115.50,15
SALE-00079,CBI-01,Bangsaen,Chonburi,East,Cookie Box,Bakery,23/06/2026,2,142.50,0
SALE-00021,BKK-02,Siam Square,Bangkok,Central,Travel Mug,Merchandise,27/06/2026,5,336.00,5
SALE-00272,BKK-01,Central Rama 9,Bangkok,CENTRAL,Premium Coffee,Beverage,16/03/2026,4,89.25,10
SALE-00190,BKK-02,SIAM SQUARE,BANGKOK,Central,caesar salad,Food,2026-04-12,1,110.00,10
SALE-00074,CBI-01,Bangsaen,Chonburi,East,Chicken Sandwich,Food,31/03/2026,2,95.00,5
SALE-00099,BKK-01,Central Rama 9,Bangkok,Central, Caesar Salad ,Food,15/04/2026,3,110.00,0
SALE-00227,CMI-01,Nimman,Chiang Mai,North,Chicken Sandwich,Food,2026-05-14,6,90.25,0
SALE-00147,CBI-02,Pattaya,Chonburi,East,Chicken Sandwich,Food,2026-03-04,5,90.25,10
SALE-00098,BKK-01,Central Rama 9,Bangkok, Central ,Caesar Salad,Food,16/05/2026,8,110.00,0
SALE-00072,BKK-01,Central Rama 9,Bangkok,Central, Mineral Water ,Beverage,2026-05-21,6,23.75,0
SALE-00001,CBI-02,Pattaya,Chonburi,East,Caesar Salad,Food,13-May-2026,5,104.50,0
SALE-00226,RYG-01,Rayong City,Rayong,East,Thai Milk Tea, Beverage ,13-May-2026,1,70.00,0
SALE-00311,CMI-01,Nimman,CHIANG MAI,North,Chocolate Cake,Bakery,2026-04-25,7,114.00,0
SALE-00290,RYG-01,rayong city,Rayong,East,Chicken Sandwich,Food,11-Jun-2026,2,95.00,15
SALE-00274,RYG-01,Rayong City,Rayong,East,Travel Mug,Merchandise,23-Apr-2026,1,320.00,0
SALE-00265,PKT-01,Phuket Town,Phuket,South,Premium Coffee,Beverage,2026-04-21,8,89.25,10
SALE-00247,BKK-02,Siam Square,Bangkok,Central,Chocolate Cake,Bakery,2026-04-30,4,126.00,0
SALE-00113,RYG-01, Rayong City ,Rayong,East,Tote Bag,Merchandise,11-Mar-2026,2,189.00,0
SALE-00309,BKK-02,Siam Square,Bangkok, Central ,Chicken Sandwich,Food,05/04/2026,5,99.75,5
SALE-00063,CBI-02,PATTAYA, Chonburi ,East, Mineral Water ,Beverage,27-Jun-2026,6,23.75,10
SALE-00102,BKK-01,central rama 9, Bangkok , Central ,Cookie Box,Bakery,11-Mar-2026,2,142.50,15
SALE-00276,KKN-01,Khon Kaen Center,Khon Kaen,Northeast,mineral water,Beverage,2026-06-11,3,25.00,0
SALE-00297,CBI-01,Bangsaen, Chonburi ,East,Butter Croissant, Bakery ,2026-04-28,3,61.75,10
SALE-00045,CBI-01,BANGSAEN,Chonburi,East,Chicken Sandwich,Food,12-May-2026,1,95.00,15
SALE-00052,PKT-01,Phuket Town,Phuket,South,Tote Bag,Merchandise,01/06/2026,7,189.00,15
SALE-00058,CBI-02,PATTAYA,Chonburi,East,Butter Croissant,Bakery,12/04/2026,6,65.00,0
SALE-00132,CBI-01,Bangsaen,Chonburi,East,Butter Croissant, Bakery ,25/05/2026,8,65.00,0
SALE-00182,CMI-01,Nimman,Chiang Mai,North, Travel Mug ,Merchandise,16-Apr-2026,8,320.00,0
SALE-00049,RYG-01,Rayong City, Rayong ,East,Tote Bag,Merchandise,09-Apr-2026,2,189.00,0
SALE-00196,PKT-01,Phuket Town,Phuket, South ,Mineral Water,Beverage,2026-06-20,7,25.00,0
SALE-00048,BKK-01,Central Rama 9,Bangkok,Central,Thai Milk Tea,Beverage,01-May-2026,5,70.00,15
SALE-00307,CBI-02,Pattaya,Chonburi,East,Caesar Salad,Food,13-May-2026,6,110.00,0
SALE-00168,BKK-02,Siam Square,Bangkok,Central,Chicken Sandwich,Food,2026-03-08,6,95.00,0
SALE-00040,PKT-01,Phuket Town,Phuket,South,Chocolate Cake,Bakery,13/06/2026,8,120.00,5
SALE-00041,PKT-01,Phuket Town, Phuket ,South,CHOCOLATE CAKE,Bakery,29-Apr-2026,1,120.00,0
SALE-00133,CBI-01,Bangsaen,CHONBURI,East,Tote Bag,Merchandise,16/05/2026,2,189.00,0
SALE-00188,PKT-01,Phuket Town,Phuket,South,Travel Mug,Merchandise,12/04/2026,5,320.00,5
SALE-00167,RYG-01,Rayong City,Rayong,East,Travel Mug,Merchandise,31-May-2026,1,320.00,0
SALE-00091,BKK-02,Siam Square,Bangkok,Central,premium coffee,Beverage,2026-06-02,7,85.00,0
SALE-00006,CBI-01,BANGSAEN,Chonburi,East,Travel Mug,Merchandise,22-May-2026,6,304.00,0
SALE-00225,BKK-02,Siam Square,Bangkok,Central,Mineral Water,Beverage,2026-03-28,1,25.00,0
SALE-00053,CBI-02, Pattaya ,Chonburi,East,Chocolate Cake,Bakery,2026-04-28,1,126.00,15
SALE-00241,BKK-01,Central Rama 9,Bangkok,Central,Tote Bag,Merchandise,05-Apr-2026,6,189.00,0
SALE-00141,PKT-01,Phuket Town,Phuket,South,Chicken Sandwich, Food ,16-Mar-2026,5,95.00,15
SALE-00067,KKN-01,Khon Kaen Center,Khon Kaen,Northeast,Mineral Water,Beverage,12-May-2026,1,25.00,15
SALE-00125,KKN-01,Khon Kaen Center,Khon Kaen,Northeast,CAESAR SALAD,Food,26-Apr-2026,1,115.50,0
SALE-00200,CBI-02,Pattaya, Chonburi ,East,Travel Mug, Merchandise ,01-Apr-2026,6,320.00,0
SALE-00107,CBI-01,bangsaen,Chonburi,East,Chicken Sandwich,Food,2026-03-31,3,95.00,0
SALE-00101,CBI-02,Pattaya,Chonburi,East,CHOCOLATE CAKE,Bakery,24/03/2026,3,126.00,0
SALE-00273,RYG-01,Rayong City,Rayong,East,Mineral Water,Beverage,30-Mar-2026,6,23.75,5
SALE-00092,BKK-01,Central Rama 9,BANGKOK,Central,Thai Milk Tea,Beverage,04/03/2026,6,73.50,0
SALE-00121,RYG-01,Rayong City,Rayong,East,Caesar Salad,Food,23/03/2026,8,110.00,0
SALE-00302,BKK-02,Siam Square, Bangkok ,Central,Thai Milk Tea,BEVERAGE,14/04/2026,5,70.00,5
SALE-00181,RYG-01, Rayong City ,Rayong,East,Butter Croissant,Bakery,2026-03-15,4,65.00,15
SALE-00300,CBI-01,Bangsaen,Chonburi,East,Tote Bag,Merchandise,05/05/2026,5,180.00,15
SALE-00224,RYG-01,Rayong City,Rayong,East,Chocolate Cake,Bakery,2026-05-09,2,120.00,0
SALE-00070,CBI-01,Bangsaen,CHONBURI,East,Butter Croissant,Bakery,08/04/2026,6,68.25,10
SALE-00299,BKK-01,Central Rama 9,Bangkok,Central,Mineral Water,Beverage,19-May-2026,4,25.00,5
SALE-00059,PKT-01,Phuket Town,Phuket,South,Butter Croissant,Bakery,2026-06-29,1,65.00,5
SALE-00044,BKK-02,Siam Square,Bangkok,Central,chocolate cake, Bakery ,17-Mar-2026,5,120.00,0
SALE-00179,CBI-01,Bangsaen,Chonburi,East,Premium Coffee,BEVERAGE,2026-04-10,3,85.00,0
SALE-00110,BKK-02,Siam Square,Bangkok,Central,Chicken Sandwich,Food,2026-06-08,5,99.75,0
SALE-00186,CBI-02,Pattaya,Chonburi,East,Chocolate Cake,Bakery,01-May-2026,8,126.00,5
SALE-00212,BKK-02,Siam Square,Bangkok,Central,Chocolate Cake,Bakery,21-Apr-2026,6,120.00,0
SALE-00269,CBI-02,Pattaya,CHONBURI,East, Butter Croissant ,Bakery,14-May-2026,3,61.75,15
SALE-00306,BKK-01,Central Rama 9,Bangkok,Central, Thai Milk Tea ,Beverage,26/05/2026,5,70.00,0
SALE-00280,CMI-01,Nimman,Chiang Mai,North,Mineral Water,Beverage,11-Jun-2026,1,25.00,15
SALE-00192,CMI-01,Nimman, Chiang Mai ,North,Butter Croissant,Bakery,16/05/2026,5,65.00,5
SALE-00319,CMI-01,nimman, Chiang Mai ,North,Tote Bag,Merchandise,27-Apr-2026,6,180.00,0
SALE-00080,BKK-02,Siam Square,Bangkok,Central,Butter Croissant, Bakery ,2026-03-15,3,65.00,5
SALE-00234,BKK-02,SIAM SQUARE,Bangkok,Central,Caesar Salad,Food,30-Apr-2026,5,115.50,0
SALE-00263,RYG-01,Rayong City,Rayong,East,COOKIE BOX,BAKERY,11-Jun-2026,7,157.50,0
SALE-00266,BKK-02,Siam Square,Bangkok,Central, Butter Croissant , Bakery ,15-Jun-2026,7,61.75,0
SALE-00018,RYG-01, Rayong City ,Rayong,East,Butter Croissant,Bakery,12/06/2026,5,61.75,10
SALE-00089,BKK-02,SIAM SQUARE,Bangkok,CENTRAL,Premium Coffee,Beverage,2026-04-26,7,89.25,15
SALE-00007,KKN-01,Khon Kaen Center, Khon Kaen ,Northeast,Butter Croissant,Bakery,19-May-2026,1,68.25,0
SALE-00012,BKK-02,Siam Square,BANGKOK, Central ,Tote Bag,Merchandise,30-May-2026,3,180.00,0
SALE-00145,KKN-01,Khon Kaen Center,Khon Kaen,NORTHEAST,Travel Mug, Merchandise ,26/03/2026,1,304.00,15
